<?xml version="1.0" encoding="UTF-8"?>
<scheme>
	<title>Illig</title>
	<version>1.0</version>
	<author>Travis Illig</author>
	<date>Apr 22, 2008</date>
	<minTwhirlVersion>0.3</minTwhirlVersion>
	<previewImgUrl/>
	<colors>
		<themeColor>000000</themeColor>
		<themeTextColor>cccccc</themeTextColor>
		<buttonColor>333333</buttonColor>
		<buttonHiliteColor>ff0000</buttonHiliteColor>
		<buttonTextColor>ffffff</buttonTextColor>
		<messageBgColor>ffffff</messageBgColor>
		<ownMessageBgColor>c7c7c7</ownMessageBgColor>
		<replyBgColor>b4d6ff</replyBgColor>
		<directMsgBgColor>ffffaa</directMsgBgColor>
		<messageTextColor>000000</messageTextColor>
		<messageLinkColor>0000ff</messageLinkColor>
		<messageMetaColor>616161</messageMetaColor>
		<overlayBgColor>333333</overlayBgColor>
		<overlayTextColor>cccccc</overlayTextColor>
		<overlayBorderColor>ff6666</overlayBorderColor>
		<unseenMarkerColor>00ff00</unseenMarkerColor>
	</colors>
</scheme>